{
    "accuracy": 0.6,
    "precision": 0.45454545454545453,
    "recall": 0.7142857142857143,
    "f1": 0.5555555555555556
}
