{
    "accuracy": 0.5,
    "precision": 0.36363636363636365,
    "recall": 0.5714285714285714,
    "f1": 0.4444444444444444
}
